ID,LAT,LON,Location,state,tz
[ANB],33.58,85.85,Anniston,AL,-6
[AUO],32.67,85.44,Auburn,AL,-6
[BHM],33.57,86.75,Birmingham,AL,-6
[CKL],32.9,87.25,Centreville,AL,-6
[DHN],31.32,85.45,Dothan,AL,-6
[OZR],31.28,85.72,Fort Rucker,AL,-6
[GAD],33.97,86.09,Gadsden,AL,-6
[HSV],34.65,86.77,Huntsville,AL,-6
[MXF],32.38,86.37,Maxwell AFB,AL,-6
[MOB],30.68,88.25,Mobile,AL,-6
[BFM],30.63,88.07,Mobile Aeros,AL,-6
[MGM],32.3,86.4,Montgomery,AL,-6
[MSL],34.75,87.62,Muscle Shoal,AL,-6
[SEM],32.34,86.99,Selma,AL,-6
[TOI],31.87,86.02,Troy,AL,-6
[TCL],33.23,87.62,Tuscaloosa,AL,-6
[ADK],51.88,176.65,Adak,AK,-9
[Z60],67.1,157.85,Ambler,AK,-9
[ANC],61.17,150.02,Anchorage,AK,-9
[MRI],61.22,149.85,Anchorage,AK,-9
[AGN],57.83,134.97,Angoon,AK,-9
[ANI],61.58,159.53,Aniak,AK,-9
[ANN],55.03,131.57,Annette Isl,AK,-9
[ATU],53.5,173.3,Attu,AK,-9
[BRW],71.3,156.78,Barrow,AK,-9
[BTI],70.13,143.63,Barter Islan,AK,-9
[BET],60.78,161.8,Bethel Arpt,AK,-9
[BTT],66.92,151.52,Bettles,AK,-9
[BIG],64,145.73,Big Delta,AK,-9
[5BI],60.82,152.3,Big River Lk,AK,-9
[Z68],63.38,148.95,Cantwell,AK,-9
[CDE],56,134.22,Cape Decis,AK,-9
[5HN],60.38,147.08,Cape Hinchi,AK,-9
[CSP],58.33,137.05,Cape Spence,AK,-9
[5CE],60.33,145,Cape St Eli,AK,-9
[WCR],67.5,148.48,Chandalar Lk,AK,-9
[Z00],62.88,149.83,Chulitna,AK,-9
[CRC],65.83,144.07,Circle City,AK,-9
[CDB],55.2,162.72,Cold Bay,AK,-9
[CDV],60.5,145.5,Cordova,AK,-9
[CGA],55.8,133.25,Craig,AK,-9
[SCC],70.2,148.47,Deadhorse,AK,-9
[DLG],59.05,158.52,Dillingham,AK,-9
[5SZ],62.73,143.92,Duffys Tavern,AK,-9
[DUT],53.88,166.53,Dutch Harbor,AK,-9
[EAA],64.77,141.15,Eagle Arpt,AK,-9
[ERO],59.62,135.37,Eldred Rock,AK,-9
[ELV],58.2,136.35,Elfin Cove,AK,-9
[FAI],64.82,147.87,Fairbanks,AK,-9
[FWL],62.85,154.47,Farewell,AK,-9
[FIV],57.45,134.03,Five Finger,AK,-9
[FVM],65.93,149.83,Five Mile,AK,-9
[FYU],66.57,145.27,Fort Yukon,AK,-9
[FNR],58.25,134.9,Funter Bay,AK,-9
[GBH],68.48,149.48,Galbraith Lk,AK,-9
[GAM],63.77,171.73,Gambell,AK,-9
[GKN],62.15,145.45,Gulkana Arpt,AK,-9
[GST],58.42,135.73,Gustavus,AK,-9
[Z26],59.23,135.43,Haines Hrbor,AK,-9
[5HR],61.98,152.08,Hayes River,AK,-9
[5EA],63.83,149,Healy River,AK,-9
[HOM],59.63,151.5,Homer,AK,-9
[Z49],58.1,135.45,Hoonah Seapl,AK,-9
[ILI],59.75,154.92,Iliamna Arpt,AK,-9
[JNU],58.37,134.58,Juneau,AK,-9
[KAE],56.97,133.95,Kake Seaplan,AK,-9
[ENA],60.57,151.25,Kenai,AK,-9
[KTN],55.35,131.7,Ketchikan,AK,-9
[AKN],58.68,156.65,King Salmon,AK,-9
[ADQ],57.75,152.5,Kodiak,AK,-9
[OTZ],66.87,162.63,Kotzebue,AK,-9
[5WO],61.63,149.03,Lazy Mtn,AK,-9
[LNI],70.92,153.23,Lonely (dew),AK,-9
[MLY],65,150.65,Manley Ht Sp,AK,-9
[MXY],61.43,142.92,Mccarthy,AK,-9
[MCG],62.97,155.62,Mcgrath,AK,-9
[MYU],60.37,166.27,Mekoryuk,AK,-9
[MDO],59.43,146.33,Middleton Is,AK,-9
[MHM],63.9,152.27,Minchumina,AK,-9
[ENN],64.55,149.08,Nenana,AK,-9
[KSM],62.07,163.3,New Andreafs,AK,-9
[IKO],53.58,169.42,Nikolski,AK,-9
[OME],64.5,165.43,Nome,AK,-9
[ORT],62.97,141.93,Northway,AK,-9
[OLI],70.5,149.88,Oliktok Dew,AK,-9
[PAQ],61.6,149.08,Palmer,AK,-9
[5PX],63.03,145.5,Paxson,AK,-9
[PSG],56.82,132.97,Petersburg,AK,-9
[PIZ],69.82,162.92,Point Lay,AK,-9
[Z76],56.25,134.65,Port Alexndr,AK,-9
[KPC],65.25,166.87,Port Clarnce,AK,-9
[PTH],56.95,158.62,Port Heiden,AK,-9
[PPC],66.82,150.65,Prospect Crk,AK,-9
[PUO],70.25,148.33,Prudhoe Bay,AK,-9
[Z30],60.2,154.3,Pt Alsworth,AK,-9
[PTI],62.17,153.25,Puntilla,AK,-9
[SDP],55.33,160.5,Sand Point,AK,-9
[5WD],60.18,149.75,Seward,AK,-9
[SYA],53.2,174.13,Shemy,AK,-9
[SHH],66.27,166.03,Shishmaref,AK,-9
[SIT],57.07,135.35,Sitka,AK,-9
[SKJ],56.88,154.2,Sitkinak,AK,-9
[SGY],59.75,135.53,Skagway,AK,-9
[SKW],61.97,151.2,Skwentna,AK,-9
[5SO],62.03,146.67,Snowshoe Lk,AK,-9
[SNP],57.15,170.22,St Paul Is,AK,-9
[5GN],61.9,147.3,Tahneta Pass,AK,-9
[TKA],62.3,150.1,Talkeetna,AK,-9
[TAL],65.17,152.1,Tanana,AK,-9
[UMT],69.37,152.13,Umiat,AK,-9
[UNK],63.88,160.8,Unalakleet,AK,-9
[VWS],61.13,146.35,Valdez,AK,-9
[VDZ],61.13,146.25,Valdez 2,AK,-9
[AIN],70.62,159.85,Wainwright,AK,-9
[WAA],66.03,168.08,Wales,AK,-9
[5WT],60.78,148.72,Whittier,AK,-9
[Z22],61.75,150.05,Willow Arpt,AK,-9
[WRG],56.48,132.37,Wrangell,AK,-9
[YAK],59.52,139.67,Yakutat,AK,-9
[DMA],32.17,110.88,Davis-M AFB,AZ,-7
[DVT],33.68,112.08,Deer Valley,AZ,-7
[DUG],31.45,109.6,Douglas,AZ,-7
[FFZ],33.47,111.73,Falcon Fld,AZ,-7
[FLG],35.13,111.67,Flagstaff,AZ,-7
[FHU],31.6,110.35,Fort Huachuc,AZ,-7
[GBN],33.55,113.17,Gila Bend,AZ,-7
[GYR],33.42,112.38,Goodyear,AZ,-7
[GCN],35.95,112.15,Grand Canyon,AZ,-7
[IGM],35.27,113.95,Kingman,AZ,-7
[LUF],33.53,112.38,Luke,AZ,-7
[PGA],36.93,111.45,Page,AZ,-7
[0E4],34.23,111.33,Payson,AZ,-7
[PHX],33.43,112.02,Phoenix,AZ,-7
[PRC],34.65,112.43,Prescott,AZ,-7
[E74],32.82,109.68,Safford Awrs,AZ,-7
[SDL],33.62,111.92,Scottsdale,AZ,-7
[E03],34.27,110,Show Low,AZ,-7
[SOW],34.27,110,Show Low,AZ,-7
[TUS],32.12,110.93,Tucson,AZ,-7
[CHD],33.3,111.67,Williams AFB,AZ,-7
[INW],35.02,110.73,Winslow,AZ,-7
[YUM],33.1,115,Yuma,AZ,-7
[NYL],32.65,114.62,Yuma Mcas,AZ,-7
[1Y7],32.85,114.4,Yuma Prv Gd,AZ,-7
[BYH],35.97,89.95,Blytheville,AR,-6
[CDH],33.52,92.4,Camden,AR,-6
[ELD],33.22,92.8,El Dorado,AR,-6
[FYV],36,94.17,Fayetteville,AR,-6
[FSM],35.33,94.37,Ft Smith,AR,-6
[HRO],36.27,93.15,Harrison,AR,-6
[HOT],34.48,93.1,Hot Springs,AR,-6
[JBR],35.83,90.65,Jonesboro,AR,-6
[LIT],35.22,92.38,Little Rock,AR,-6
[LRF],34.92,92.15,Little Rock,AR,-6
[LZK],34.83,92.25,Little Rock,AR,-6
[PBF],34.17,91.93,Pine Bluff,AR,-6
[ASG],36.18,94.13,Springdale,AR,-6
[TXK],33.45,94,Texarkana,AR,-6
[ARG],36.13,90.93,Walnut Ridge,AR,-6
[NGZ],37.78,122.32,Alameda NAS,CA,-8
[S11],41.48,120.53,Alturas,CA,-8
[ACV],40.98,124.1,Arcata,CA,-8
[BFL],35.43,119.05,Bakersfield,CA,-8
[BAB],39.13,121.45,Beale AFB,CA,-8
[BUO],33.93,116.95,Beaumont,CA,-8
[BYS],35.28,116.62,Bicycle Lk,CA,-8
[L35],34.27,116.68,Big Bear Apt,CA,-8
[BIH],37.6,118.6,Bishop,CA,-8
[BLU],39.28,120.7,Blue Canyon,CA,-8
[BLH],33.62,114.72,Blythe,CA,-8
[BUR],34.2,118.37,Burbank,CA,-8
[NFG],33.3,117.35,Camp Pendlet,CA,-8
[CZZ],32.62,116.47,Campo,CA,-8
[CRQ],33.13,117.28,Carlsbad,CA,-8
[MER],37.38,120.57,Castle AFB,CA,-8
[CIC],39.78,121.85,Chico,CA,-8
[NID],35.68,117.68,China Lake,CA,-8
[CNO],33.97,117.63,Chino,CA,-8
[CCR],37.98,122.05,Concord,CA,-8
[CEC],41.78,124.23,Crescent Cty,CA,-8
[DAG],34.87,116.78,Daggett,CA,-8
[EDW],34.9,117.88,Edwards AFB,CA,-8
[NJK],32.82,115.68,El Centro,CA,-8
[EMT],34.08,118.03,El Monte,CA,-8
[NZJ],33.67,117.73,El Toro,CA,-8
[EKA],41.33,124.28,Eureka,CA,-8
[HGT],36,121.32,Fort Hunter,CA,-8
[OAR],36.68,121.77,Fort Ord,CA,-8
[FAT],36.77,119.72,Fresno,CA,-8
[FUL],33.87,117.97,Fullerton,CA,-8
[VCV],34.58,117.38,George AFB,CA,-8
[HHR],33.92,118.33,Hawthorne,CA,-8
[HWD],37.65,122.12,Hayward,CA,-8
[IPL],32.83,115.57,Imperial,CA,-8
[NRS],32.57,117.12,Imperial Bch,CA,-8
[POC],34.1,117.78,La Verne,CA,-8
[TVL],38.9,120,Lake Tahoe,CA,-8
[WJF],34.73,118.22,Lancaster,CA,-8
[NLC],36.33,119.95,Lemoore NAS,CA,-8
[LVK],37.7,121.82,Livermore,CA,-8
[LGB],33.82,118.15,Long Beach,CA,-8
[SLI],33.78,118.05,Los Alamitos,CA,-8
[LAX],33.93,118.4,Los Angeles,CA,-8
[MMH],37.63,118.92,Mammoth Lks,CA,-8
[RIV],33.88,117.27,March AFB,CA,-8
[MYV],39.1,121.57,Marysville,CA,-8
[MHR],38.57,121.3,Mather AFB,CA,-8
[MCC],38.67,121.4,Mcclellan,CA,-8
[MCE],37.28,120.52,Merced,CA,-8
[NKX],32.87,117.15,Miramar NAS,CA,-8
[MOD],37.63,120.95,Modesto,CA,-8
[NUQ],37.42,122.05,Moffet NAS,CA,-8
[MHV],35.05,118.15,Mojave,CA,-8
[1O5],41.73,122.53,Montague,CA,-8
[MRY],36.58,121.85,Monterey,CA,-8
[MHS],41.32,122.32,Mount Shasta,CA,-8
[MWS],34.23,118.07,Mount Wilson,CA,-8
[APC],38.22,122.28,Napa,CA,-8
[EED],34.77,114.62,Needles,CA,-8
[NZY],32.7,117.2,North Is,CA,-8
[SBD],34.1,117.23,Norton AFB,CA,-8
[OAK],37.73,122.22,Oakland,CA,-8
[ONT],34.05,117.62,Ontario Intl,CA,-8
[OXR],34.2,119.2,Oxnard,CA,-8
[PSP],33.83,116.5,Palm Springs,CA,-8
[PMD],35.05,118.13,Palmdale,CA,-8
[PAO],37.47,122.12,Palo Alto,CA,-8
[PRB],35.67,120.63,Paso Robles,CA,-8
[53Q],37.83,122.83,Pillaro Pt,CA,-8
[NTD],34.12,119.12,Point Mugu,CA,-8
[PAA],39.58,124.22,Pt Arena,CA,-8
[PGU],34.95,121.12,Pt Arguello,CA,-8
[87Q],35.67,121.28,Pt Piedras,CA,-8
[PPD],36.12,121.47,Pt Piedras,CA,-8
[RBL],40.15,122.25,Red Bluff,CA,-8
[RDD],40.5,122.3,Redding,CA,-8
[RAL],33.95,117.45,Riverside,CA,-8
[SAC],38.52,121.5,Sacramento,CA,-8
[SMF],38.7,121.6,Sacramento,CA,-8
[SNS],36.67,121.6,Salinas,CA,-8
[SQL],37.52,122.25,San Carlos,CA,-8
[L10],33.42,117.62,San Clemente,CA,-8
[NUC],33.02,118.58,San Clemente,CA,-8
[MYF],32.82,117.13,San Diego,CA,-8
[SAN],32.73,117.17,San Diego,CA,-8
[SDM],32.57,116.98,San Diego,CA,-8
[SDM],32.57,116.98,San Diego,CA,-8
[SEE],32.82,116.97,San Diego,CA,-8
[51Q],37.75,122.68,San Francisco,CA,-8
[SFO],37.62,122.38,San Francisco,CA,-8
[SJC],37.37,121.92,San Jose,CA,-8
[RHV],37.33,121.82,San Jose/Rei,CA,-8
[SBP],35.23,120.65,San Luis Obi,CA,-8
[L98],33.38,117.58,San Mateo,CA,-8
[N5G],34.03,120.4,San Miguel,CA,-8
[NSI],33.25,119.45,San Nic Isl,CA,-8
[SDB],34.75,118.73,Sandburg,CA,-8
[SNA],33.67,117.88,Santa Ana,CA,-8
[SBA],34.43,119.83,Santa Barb,CA,-8
[SMX],34.9,120.45,Santa Maria,CA,-8
[SMO],34.02,118.45,Santa Monica,CA,-8
[STS],38.52,122.82,Santa Rosa,CA,-8
[O87],40.03,124.07,Shelter Cove,CA,-8
[SIY],41.78,122.47,Siskiyou,CA,-8
[SCK],37.9,121.25,Stockton,CA,-8
[4SU],35.33,117.1,Superior Val,CA,-8
[SVE],40.63,120.95,Susanville,CA,-8
[TRM],33.63,116.17,Thermal,CA,-8
[TOA],33.8,118.33,Torrance,CA,-8
[SUU],38.27,121.93,Travis AFB,CA,-8
[TRK],39.32,120.13,Truckee-Tahoe,CA,-8
[NTK],33.7,117.83,Tustin Mcas,CA,-8
[NXP],34.28,116.15,Twenty9 Palm,CA,-8
[UKI],39.13,123.2,Ukiah,CA,-8
[VNY],34.22,118.48,Van Nuys,CA,-8
[VBG],35.2,120.95,Vandenberg,CA,-8
[VBG],35.2,120.95,Vandenberg,CA,-8
[VIS],36.32,119.4,Visalia,CA,-8
[AFF],39.52,105.35,Air Force A,CO,-7
[AKO],40.17,103.22,Akron,CO,-7
[ALS],37.45,105.87,Alamosa,CO,-7
[ASE],39.22,106.87,Aspen,CO,-7
[BJC],39.9,105.12,Brmfield/Jef,CO,-7
[BKF],39.72,104.75,Buckley,CO,-7
[COS],38.82,104.72,Colo Sprgs,CO,-7
[CEZ],37.3,108.63,Cortez,CO,-7
[CAG],40.5,107.53,Craig-Moffat,CO,-7
[DEN],39.75,104.87,Denver,CO,-7
[DRO],37.15,107.75,Durango,CO,-7
[EGE],39.65,106.92,Eagle,CO,-7
[APA],39.57,104.83,Englewood,CO,-7
[FCS],38.68,104.77,Fort Carson,CO,-7
[FSR],39.57,105.5,Fraser,CO,-7
[FNL],40.45,105.02,Ft Col/Lovel,CO,-7
[FCL],40.58,105.08,Ft Collins,CO,-7
[GJT],39.12,108.53,Grand Jct,CO,-7
[GXY],40.43,104.63,Greeley-Wld,CO,-7
[2V9],38.55,106.93,Gunnison,CO,-7
[GUC],38.55,106.92,Gunnison,CO,-7
[LHX],38.05,103.52,La Junta,CO,-7
[4LJ],38.12,102.6,Lamar,CO,-7
[LXV],39.25,106.3,Leadville,CO,-7
[LIC],39.18,103.7,Limon,CO,-7
[6V8],38.5,107.88,Montrose,CO,-7
[MTJ],38.5,107.88,Montrose,CO,-7
[PUB],38.28,104.52,Pueblo,CO,-7
[1V1],39.53,107.8,Rifle,CO,-7
[S29],38.53,106.05,Salida,CO,-7
[SBS],40.48,106.82,Steamboat Sp,CO,-7
[TAD],37.25,104.33,Trinidad,CO,-7
[C96],40,105.87,Winter Park,CO,-7
[BDR],41.17,73.13,Bridgeport,CT,-5
[DXR],41.37,73.48,Danbury,CT,-5
[GON],41.33,72.05,Groton,CT,-5
[HFD],41.73,72.65,Hartford,CT,-5
[30N],41.22,72.67,New Haven,CT,-5
[HVN],41.27,72.88,New Haven,CT,-5
[N11],41.27,72.9,New Haven,CT,-5
[18N],41.3,72.08,New London,CT,-5
[BDL],41.93,72.68,Windsor Loc,CT,-5
[DOV],39.13,75.47,Dover,DE,-5
[ILG],39.67,75.6,Wilmington,DE,-5
[IAD],38.95,77.46,Washington/Dulles,DC,-5
[DCA],38.85,77.04,Washington/Natl,DC,-5
[WHS],38.897957,-77.03656, White House ,DC,-5
[USC],38.889931,-77.009003,US Capital Building, DC ,-5
[AQQ],29.73,85.03,Apalachicola,FL,-6
[90J],29.12,81.57,Astor NAS,FL,-5
[AGR],28.08,81.55,Avon Park G,FL,-5
[XMR],28.47,80.55,Cape Canaveral,FL,-5
[NZC],30.22,81.88,Cecil,FL,-5
[CEW],30.78,86.52,Crestview,FL,-5
[CTY],29.62,83.1,Cross City,FL,-5
[DAB],29.18,81.05,Daytona Bch,FL,-5
[EGI],30.65,86.52,Duke Fld,FL,-6
[VPS],30.48,86.53,Eglin AFB,FL,-6
[X91],27.6,82.77,Egmont Key,FL,-5
[FXE],26.13,80.13,Fort Lauderd,FL,-5
[FMY],26.58,81.87,Fort Myers,FL,-5
[FLL],26.07,80.15,Ft Lauderdale,FL,-5
[RSW],26.65,81.87,Ft Myers,FL,-5
[GNV],29.68,82.27,Gainesville,FL,-5
[HST],25.48,80.38,Homestead,FL,-5
[HRT],30.43,86.68,Hurlburt Fld,FL,-6
[CRG],30.33,81.52,Jacksonville,FL,-5
[JAX],30.5,81.7,Jacksonville,FL,-5
[NIP],30.23,81.68,Jacksonville,FL,-5
[EYW],24.55,81.75,Key West,FL,-5
[NQX],24.57,81.68,Key West NAS,FL,-5
[LAL],28.03,81.95,Lakeland,FL,-5
[MCF],27.85,82.52,Macdill AFB,FL,-5
[MAI],30.84,85.18,Marianna,FL,-5
[NRB],30.4,81.42,Mayport NAS,FL,-5
[MLB],28.1,80.63,Melbourne,FL,-5
[MIA],25.82,80.28,Miami Intl,FL,-5
[OPF],25.92,80.28,Miami/Opa,FL,-5
[TMB],25.65,80.43,Miami/Tamiami,FL,-5
[APF],26.13,81.8,Naples,FL,-5
[X68],28.62,80.68,Nasa Shuttle,FL,-5
[MCO],28.43,81.32,Orlando,FL,-5
[ORL],28.55,81.33,Orlando,FL,-5
[PFN],30.2,85.68,Panama City,FL,-5
[COF],28.23,80.6,Patrick AFB,FL,-5
[NPA],30.35,87.32,Pensacola,FL,-6
[PNS],30.47,87.2,Pensacola,FL,-6
[TBW],27.97,82.6,Ruskin,FL,-5
[PIE],27.92,82.68,Saint Peters,FL,-5
[SFB],28.78,81.25,Sanford,FL,-5
[SRQ],27.4,82.55,Sarasota,FL,-5
[TLH],30.38,84.37,Tallahassee,FL,-6
[TPA],27.97,82.53,Tampa Intl,FL,-5
[TIX],28.52,80.8,Titusville,FL,-5
[PAM],30.07,85.58,Tyndall AFB,FL,-6
[VRB],27.65,80.42,Vero Beach,FL,-5
[PBI],26.68,80.12,W Palm Beach,FL,-5
[NSE],30.72,87.02,Whiting Fld,FL,-6
[ABY],31.53,84.18,Albany,GA,-5
[AMG],31.53,82.52,Alma,GA,-5
[AHN],33.95,83.32,Athens,GA,-5
[ATL],33.65,84.42,Atlanta,GA,-5
[ATL],33.65,84.42,Atlanta,GA,-5
[PDK],33.88,84.3,Atlanta/Dklb,GA,-5
[FTY],33.78,84.52,Atlanta/Fltn,GA,-5
[AGS],33.37,81.97,Augusta/Bush,GA,-5
[SSI],31.15,81.38,Brunswick,GA,-5
[CSG],32.52,84.93,Columbus,GA,-5
[MGE],33.92,84.52,Dobbins AFB,GA,-5
[MGF],34.53,84.87,Dobbins AFB,GA,-5
[LSF],32.33,85,Fort Benning,GA,-5
[LHW],31.88,81.57,Ft Stewart,GA,-5
[SVN],32.02,81.15,Hunter Aaf,GA,-5
[LGC],33.01,85.07,La Grange,GA,-5
[MCN],32.7,83.65,Macon/Lewis,GA,-5
[VAD],30.97,83.2,Moody AFB,GA,-5
[WRB],32.63,83.6,Robins AFB,GA,-5
[RMG],34.35,85.17,Rome/Russell,GA,-5
[SAV],32.13,81.2,Savannah Mun,GA,-5
[VLD],30.78,83.28,Valdosta,GA,-5
[AYS],31.25,82.4,Waycross,GA,-5
[HNA],21.53,158.12,Barbers Pt,HI,-10
[HNA],21.53,158.12,Barbers Pt,HI,-10
[BKH],22.05,160.3,Barking San,HI,-10
[1Z6],24.45,166.47,Fr Frigate,HI,-10
[ITO],19.72,155.07,Hilo,HI,-10
[HNL],21.35,157.93,Honolulu Int,HI,-10
[OGG],20.9,156.43,Kahului Maui,HI,-10
[HNG],21.75,158.28,Kaneohe Mca,HI,-10
[HNG],21.75,158.28,Kaneohe Mca,HI,-10
[KOA],19.75,156.05,Ke-Ahole/Kon,HI,-10
[0Z5],22.38,159.67,Kilauea Pt,HI,-10
[LNY],20.8,156.95,Lanai-Lanai,HI,-10
[LIH],21.98,159.35,Lihue-Kauai,HI,-10
[JHM],20.97,156.83,Maui,HI,-10
[MKK],21.15,157.1,Molokai,HI,-10
[1Z2],20.42,156.47,Upolo Pt Ln,HI,-10
[MUE],20,156.12,Waimea-Koha,HI,-10
[BOI],43.57,116.22,Boise,ID,-7
[BYI],42.53,113.77,Burley,ID,-7
[U15],44.52,114.22,Challis,ID,-7
[COE],47.77,116.82,Coeur d'Alene,ID,-7
[P69],45.82,115.43,Elk City,ID,-7
[GNG],43,115.17,Gooding,ID,-7
[S80],45.92,116.13,Grangeville,ID,-7
[IDA],43.52,112.07,Idaho Falls,ID,-7
[LWS],46.38,117.02,Lewiston,ID,-7
[MLD],42.17,112.32,Malad City,ID,-7
[77M],42.3,113.37,Malta,ID,-7
[MYL],44.88,116.1,Mccall,ID,-7
[MUO],43.05,115.87,Mountn Home,ID,-7
[S06],47.47,115.8,Mullan,ID,-7
[PIH],42.92,112.6,Pocatello,ID,-7
[27U],45.18,113.9,Salmon,ID,-7
[SMN],45.17,114.47,Salmon,ID,-7
[U78],42.65,111.58,Soda Springs,ID,-7
[SUN],43.5,114.3,Sun Valley,ID,-7
[TWF],42.48,114.48,Twin Falls,ID,-7
[ALN],38.88,90.05,Alton,IL,-6
[ARR],41.77,88.32,Aurora,IL,-6
[CPS],38.57,90.15,Bistate Park,IL,-6
[BMI],40.48,88.93,Bloomington,IL,-6
[BDF],41.16,89.6,Bradford,IL,-6
[CTR],37.07,89.22,Cairo,IL,-6
[MDH],37.78,89.25,Carbondale,IL,-6
[ENL],38.51,89.09,Centralia,IL,-6
[CMI],40.03,88.28,Champaign/Urbana,IL,-6
[CHI],41.9,87.65,Chicago,IL,-6
[CGX],41.87,87.62,Chicago/Meigs,IL,-6
[MDW],41.78,87.75,Chicago/Midway,IL,-6
[ORD],41.98,87.9,Chicago/O'hare,IL,-6
[DNV],40.2,87.6,Danville,IL,-6
[DKB],41.93,88.72,DeKalb,IL,-6
[DEC],39.83,88.87,Decatur,IL,-6
[DPA],41.92,88.25,Du Page,IL,-6
[GBG],40.93,90.43,Galesburg,IL,-6
[NBU],42.08,87.82,Glenview NAS,IL,-6
[IKK],41.07,87.85,Kankakee,IL,-6
[MQB],40.52,90.66,Macomb,IL,-6
[MWA],37.75,89,Marion,IL,-6
[MMO],41.37,88.68,Marseilles,IL,-6
[MTO],39.48,88.28,Mattoon,IL,-6
[MLI],41.45,90.52,Moline/Quad,IL,-6
[MVN],38.32,88.86,Mount Vernon,IL,-6
[PIA],40.67,89.68,Peoria,IL,-6
[UIN],39.93,91.2,Quincy,IL,-6
[RFD],42.2,89.1,Rockford,IL,-6
[SLO],38.63,88.96,Salem,IL,-6
[BLV],38.55,89.85,Scott AFB,IL,-6
[SPI],39.85,89.67,Springfield,IL,-6
[SQI],41.74,89.67,Sterling,IL,-6
[TAZ],39.53,89.33,Taylorville,IL,-6
[VLA],38.99,89.17,Vandalia,IL,-6
[BAK],39.38,86.5,Bakalar Af,IN,-5
[BMG],39.13,86.62,Bloomington,IN,-5
[EKM],41.72,86,Elkhart,IN,-5
[EVV],38.05,87.53,Evansville,IN,-5
[FWA],41,85.2,Fort Wayne,IN,-5
[GYY],41.62,87.42,Gary,IN,-5
[GUS],40.65,86.15,Grissom AFB,IN,-5
[IND],39.73,86.27,Indianapolis,IN,-5
[MIE],40.23,85.38,Muncie,IN,-5
[SBN],41.7,86.32,South Bend,IN,-5
[HUF],39.45,87.3,Terre Haute,IN,-5
[LAF],40.42,86.93,W Lafayette,IN,-5
[BRL],40.78,91.12,Burlington,IA,-6
[CID],41.88,91.7,Cedar Rapids,IA,-6
[DSM],41.53,93.65,Des Moines,IA,-6
[DBQ],42.4,90.7,Dubuque,IA,-6
[EST],43.4,94.75,Estherville,IA,-6
[FOD],42.55,94.18,Fort Dodge,IA,-6
[3OI],40.62,93.93,Lamoni,IA,-6
[MCW],43.15,93.33,Mason City,IA,-6
[OTM],41.1,92.45,Ottumwa,IA,-6
[SUX],42.4,96.38,Sioux City,IA,-6
[3SE],43.17,95.15,Spencer,IA,-6
[ALO],42.55,92.4,Waterloo Mun,IA,-6
[CNU],37.67,95.48,Chanute,KS,-6
[3KM],37.75,97.22,Col. J Jabar,KS,-6
[CNK],39.55,97.65,Concordia,KS,-6
[DDC],37.77,99.97,Dodge City,KS,-6
[1K5],37,101.88,Elkhart,KS,-6
[EMP],38.33,96.2,Emporia,KS,-6
[FLV],39.37,94.92,Ft Leavnwrth,KS,-6
[FRI],39.05,96.77,Ft Riley,KS,-6
[GCK],37.93,100.72,Garden City,KS,-6
[GLD],39.37,101.7,Goodland,KS,-6
[HYS],38.85,99.27,Hays,KS,-6
[HLC],39.38,99.83,Hill City,KS,-6
[HUT],38.07,97.87,Hutchinson,KS,-6
[IXD],38.82,94.88,Johnson Cnty,KS,-6
[LBL],37.05,100.97,Liberal,KS,-6
[MHK],39.15,96.67,Manhatten,KS,-6
[IAB],37.62,97.27,Mcconnell Af,KS,-6
[P28],37.3,98.58,Medicine Ldg,KS,-6
[OJC],38.85,94.9,Olathe,KS,-6
[RSL],38.87,98.82,Russell,KS,-6
[SLN],38.8,97.65,Salina,KS,-6
[TOP],39.07,95.62,Topeka,KS,-6
[FOE],38.95,95.67,Topeka/Forbe,KS,-6
[ICT],37.65,97.43,Wichita,KS,-6
[BWG],36.97,86.43,Bowling Gren,KY,-6
[HOP],36.67,87.5,Ft Campbell,KY,-6
[FTK],37.9,85.97,Ft Knox,KY,-6
[JKL],37.6,83.32,Jackson,KY,-6
[LEX],38.05,85,Lexington,KY,-6
[LOZ],37.08,84.07,London,KY,-6
[LOU],38.23,85.67,Louisville,KY,-6
[SDF],38.18,85.73,Louisville,KY,-6
[OWB],37.75,87.17,Owensboro,KY,-6
[PAH],37.07,88.77,Paducah,KY,-6
[5I3],37.48,82.52,Pikeville,KY,-6
[ESF],31.38,92.3,Alexandria,LA,-6
[BAD],32.5,93.67,Barksdale,LA,-6
[BTR],30.53,91.15,Baton Rouge,LA,-6
[BVE],29.55,89.67,Boothville,LA,-6
[7R5],29.78,93.3,Cameron Heli,LA,-6
[01R],31.22,92.95,Claiborne R,LA,-6
[AEX],31.33,92.55,England AFB,LA,-6
[41I],28.47,91.78,Eugene Is.,LA,-6
[POE],31.05,93.2,Fort Polk,LA,-6
[AXO],29.18,90.07,Grand Isle,LA,-6
[5R0],28.22,93.75,High Is,LA,-6
[01T],28.13,94.4,High Island,LA,-6
[HUM],29.57,90.65,Houma,LA,-6
[7R4],29.73,92.12,Intercoastal,LA,-6
[LFT],30.2,92,Lafayette,LA,-6
[LCH],30.12,93.22,Lake Charles,LA,-6
[7R3],29.7,91.1,Lk Palourde,LA,-6
[1G7],28.78,89.05,Missippi Can,LA,-6
[MLU],32.52,92.05,Monroe,LA,-6
[PTN],29.7,91.2,Morgan City,LA,-6
[ARA],30.03,91.88,New Iberia,LA,-6
[MSY],29.98,90.25,New Orleans,LA,-6
[NBG],29.83,90.02,New Orleans,LA,-6
[NEW],30.03,90.03,New Orleans,LA,-6
[7R8],28.3,91.98,S Marsh Isl,LA,-6
[DTN],32.52,93.75,Shreveport,LA,-6
[SHV],32.47,93.82,Shreveport,LA,-6
[SIL],30.35,89.82,Slidel,LA,-6
[AUG],44.32,69.8,Augusta,ME,-5
[BGR],44.8,68.82,Bangor,ME,-5
[BHB],44.45,68.37,Bar Harbor,ME,-5
[NHZ],43.88,69.93,Brunswick,ME,-5
[CAR],46.87,68.02,Caribou Mun,ME,-5
[3B1],45.45,69.55,Greenville,ME,-5
[6B2],45.78,69.63,Greenville,ME,-5
[HUL],46.13,67.78,Houlton,ME,-5
[LIZ],46.95,67.88,Loring AFB,ME,-5
[PWM],43.65,70.32,Portland,ME,-5
[PQI],46.68,68.05,Presque Isle,ME,-5
[RKD],44.07,69.12,Rockland,ME,-5
[RUM],44.88,70.88,Rumford,ME,-5
[ADW],38.82,76.87,Andrews AFB,MD,-5
[BAL],39.18,76.67,Baltimore,MD,-5
[BWI],39.18,76.67,Baltimore,MD,-5
[MTN],39.33,76.42,Baltimore,MD,-5
[FME],39.08,76.77,Fort Meade,MD,-5
[HGR],39.7,77.72,Hagerstown,MD,-5
[N80],38.55,75.13,Ocean City,MD,-5
[NHK],38.28,76.4,Patuxent,MD,-5
[APG],39.47,76.17,Phillips,MD,-5
[SBY],38.33,75.5,Salisbury,MD,-5
[BED],42.47,71.28,Bedford,MA,-5
[BVY],42.58,70.92,Beverly,MA,-5
[BOS],42.37,71.03,Boston,MA,-5
[30B],41.78,70.5,Cape Cod Can,MA,-5
[CHH],41.67,69.97,Chatham,MA,-5
[AYE],42.57,71.6,Fort Devens,MA,-5
[HYA],41.67,70.28,Hyannis,MA,-5
[LWM],42.72,71.12,Lawrence,MA,-5
[MVY],41.4,70.62,Marthas Vine,MA,-5
[ACK],41.25,70.07,Nantucket,MA,-5
[EWB],41.68,70.97,New Bedford,MA,-5
[OWD],42.18,71.18,Norwood,MA,-5
[FMH],41.65,70.52,Otis ANGB,MA,-5
[PSF],42.26,73.18,Pittsfield,MA,-5
[NZW],42.15,70.93,S Weymouth,MA,-5
[BAF],42.17,72.72,Westfield,MA,-5
[CEF],42.2,72.53,Westover,MA,-5
[ORH],42.27,71.87,Worcester,MA,-5
[APN],45.07,83.57,Alpena,MI,-5
[ARB],42.22,83.75,Ann Arbor,MI,-5
[BTL],42.3,85.23,Battle Creek,MI,-5
[BEH],42.13,86.43,Benton Harbor,MI,-5
[CIU],46.25,84.47,Chippewa,MI,-5
[C10],43.07,85.95,Coopersville,MI,-5
[P59],47.47,87.85,Copper Harb,MI,-5
[DET],42.42,83.02,Detroit,MI,-5
[DTW],42.23,83.33,Detroit,MI,-5
[ESC],45.73,87.08,Escanaba,MI,-5
[FNT],42.97,83.75,Flint/Bishop,MI,-5
[GRR],42.88,85.52,Grand Rapids,MI,-5
[CMX],47.17,88.5,Hancock,MI,-5
[P58],43.83,82.53,Harbor Beach,MI,-5
[HTL],44.37,84.68,Houghton Lake,MI,-5
[IMT],45.82,88.12,Iron Mtn,MI,-5
[IWD],46.53,90.13,Ironwood,MI,-5
[JXN],42.27,84.47,Jackson,MI,-5
[AZO],42.23,85.55,Kalamazoo,MI,-5
[LAN],42.77,84.6,Lansing,MI,-5
[MBL],44.27,86.25,Manistee,MI,-5
[MQT],46.88,87.95,Marquette,MI,-5
[MNM],45.12,87.63,Menominee,MI,-5
[MKG],43.17,86.25,Muskegon,MI,-5
[PLN],45.57,84.8,Pellston,MI,-5
[PTK],42.67,83.42,Pontiac,MI,-5
[MBS],43.53,84.08,Saginaw,MI,-5
[SSM],46.47,84.37,Sault Ste M,MI,-5
[SAW],46.35,87.4,Sawyer AFB,MI,-5
[MTC],42.62,82.83,Selfridge,MI,-5
[P75],45.92,85.92,Seul Choix,MI,-5
[TVC],44.73,85.58,Traverse Cty,MI,-5
[OSC],44.45,83.4,Wurtsmith,MI,-5
[YIP],42.23,83.53,Ypsilanti,MI,-5
[AEL],43.68,93.37,Albert Lea,MN,-6
[AXN],45.87,95.38,Alexandria,MN,-6
[BJI],47.5,94.93,Bemidji Muni,MN,-6
[BRD],46.4,94.13,Brainerd-Crw,MN,-6
[DTL],46.82,95.88,Detroit Laks,MN,-6
[DLH],46.83,92.18,Duluth,MN,-6
[ELO],47.9,91.82,Ely,MN,-6
[FRM],43.65,94.42,Fairmont,MN,-6
[FFM],46.3,96.07,Fergus Falls,MN,-6
[GPZ],47.22,93.52,Grand Rapids,MN,-6
[HIB],47.38,92.85,Hibbing,MN,-6
[INL],48.57,93.38,Intl Falls,MN,-6
[Y69],45.13,94.52,Litchfield,MN,-6
[MKT],44.22,93.92,Mankato,MN,-6
[MML],44.45,95.82,Marshall Arpt,MN,-6
[FCM],44.83,93.47,Minneapolis,MN,-6
[MIC],45.07,93.38,Minneapolis,MN,-6
[MSP],44.88,93.22,Minneapolis,MN,-6
[PKD],46.9,95.07,Park Rapids,MN,-6
[P39],46.6,94.32,Pequot Lake,MN,-6
[RWF],44.55,95.08,Redwood Falls,MN,-6
[RST],43.92,92.5,Rochester,MN,-6
[STP],44.93,93.05,Saint Paul,MN,-6
[STC],45.55,94.07,St Cloud,MN,-6
[TVF],48.07,96.18,Thief River,MN,-6
[P61],47.58,90.83,Tofte,MN,-6
[D45],48.93,95.35,Warroad,MN,-6
[OTG],43.65,95.58,Worthington,MN,-6
[CBM],33.65,88.45,Columbus AFB,MS,-6
[GTR],33.45,88.58,Golden Trian,MS,-6
[GLH],33.48,90.98,Greenville,MS,-6
[GWO],33.5,90.08,Greenwood,MS,-6
[GPT],30.4,89.07,Gulfport,MS,-6
[PIB],31.47,89.33,Hattiesburg,MS,-6
[JAN],32.32,90.08,Jackson,MS,-6
[BIX],30.42,88.92,Keesler AFB,MS,-6
[LUL],31.67,89.17,Laurel,MS,-6
[MCB],31.18,90.47,Mccomb,MS,-6
[NMM],32.55,88.57,Meridian NAS,MS,-6
[MEI],32.33,88.75,Meridian/Key,MS,-6
[HEZ],31.62,91.25,Natchez,MS,-6
[UOX],34.39,89.54,Oxford,MS,-6
[TUP],34.27,88.77,Tupelo,MS,-6
[COU],38.82,92.22,Columbia,MO,-6
[CGI],37.23,89.58,Cp Girardeau,MO,-6
[TBN],37.75,92.13,Ft Leonard,MO,-6
[JEF],38.6,92.17,Jefferson City,MO,-6
[JLN],37.17,94.5,Joplin,MO,-6
[MCI],39.32,94.72,Kansas City,MO,-6
[MKC],39.12,94.6,Kansas City,MO,-6
[IRK],40.1,92.55,Kirksville,MO,-6
[UMN],37.33,94.35,Monett,MO,-6
[MKO],35.66,95.36,Muskogee,MO,-6
[P02],36.77,90.47,Poplar Bluff,MO,-6
[GVW],38.85,94.55,Richards-Geb,MO,-6
[P35],40.25,93.72,Spickard,MO,-6
[SGF],37.23,93.38,Springfield,MO,-6
[STJ],40.28,95.53,St Joseph,MO,-6
[STL],38.75,90.37,St Louis,MO,-6
[SUS],38.65,90.63,StLouis/Spirit,MO,-6
[VIH],38.13,91.77,Vichy/Rolla,MO,-6
[H63],37.22,92.42,West Plains,MO,-6
[UNO],36.88,91.9,West Plains,MO,-6
[SZL],38.73,93.55,Whiteman AFB,MO,-6
[BIL],45.8,108.53,Billings,MT,-7
[BZN],45.78,111.15,Bozeman,MT,-7
[4BQ],45.67,105.67,Broadus,MT,-7
[BTM],45.95,112.5,Butte,MT,-7
[CTB],48.6,112.37,Cut Bank,MT,-7
[DLN],45.25,112.55,Dillon,MT,-7
[3DU],46.67,113.15,Drummond,MT,-7
[GGW],48.22,106.62,Glasgow,MT,-7
[GDV],47.13,104.8,Glendive,MT,-7
[GTF],47.48,111.37,Great Falls,MT,-7
[3HT],46.43,109.83,Harlowton,MT,-7
[HVR],48.55,109.77,Havre,MT,-7
[HLN],46.6,112,Helena,MT,-7
[JDN],47.33,106.93,Jordan,MT,-7
[FCA],48.3,114.27,Kalispell,MT,-7
[LWT],47.05,109.45,Lewiston,MT,-7
[LVM],45.7,110.43,Livingston,MT,-7
[GFA],47.5,111.18,Malmstrom,MT,-7
[MLS],46.43,105.87,Miles City,MT,-7
[MSO],46.92,114.08,Missoula,MT,-7
[MQM],44.57,112.32,Monida,MT,-7
[SDY],47.72,104.18,Sidney,MT,-7
[3TH],47.6,115.37,Thompson Fal,MT,-7
[WEY],44.65,111.1,W Yellowston,MT,-7
[WYS],44.68,111.12,W Yellowston,MT,-7
[OLF],48.1,105.58,Wolf Point,MT,-7
[ANW],42.58,99.98,Ainsworth,NE,-7
[AIA],42.05,102.8,Alliance,NE,-7
[BIE],40.32,96.75,Beatrice,NE,-7
[BBW],41.43,99.65,Broken Bow,NE,-7
[BUB],41.78,99.15,Burwell,NE,-7
[CDR],42.83,103.08,Chadron,NE,-7
[OLU],41.45,97.35,Columbus,NE,-7
[CZD],40.87,100,Cozad,NE,-7
[FNB],40.07,95.58,Falls City,NE,-7
[GRI],40.97,98.32,Grand Island,NE,-7
[HSI],40.6,98.43,Hastings,NE,-7
[6V1],40.33,101.39,Imperial,NE,-7
[IML],40.53,101.63,Imperial,NE,-7
[EAR],40.73,99,Kearney,NE,-7
[LNK],40.85,96.75,Lincoln Muni,NE,-7
[MCK],40.22,100.58,Mccook,NE,-7
[MHN],42.05,101.05,Mullen,NE,-7
[OFK],41.98,97.43,Norfolk,NE,-7
[OVN],41.37,96.02,North Omaha,NE,-7
[LBF],41.13,100.68,North Platte,NE,-7
[ONL],42.47,98.68,O'neill,NE,-7
[OFF],41.12,95.92,Offutt AFB,NE,-7
[OMA],41.3,95.9,Omaha/Eppley,NE,-7
[ODX],41.62,98.95,Ord/Sharp,NE,-7
[BFF],41.87,103.6,Scottsbluff,NE,-7
[SNY],41.1,102.98,Sidney Muni,NE,-7
[VTN],42.87,100.55,Valentine,NE,-7
[AUI],39.83,117.13,Austin,NV,-8
[U31],39.5,117.08,Austin,NV,-8
[BAM],40.62,116.87,Battle Mtn,NV,-8
[P38],37.62,114.52,Caliente,NV,-8
[EKO],40.83,115.78,Elko,NV,-8
[ELY],39.28,114.85,Ely/Yelland,NV,-8
[P68],39.5,115.97,Eureka,NV,-8
[NFL],39.42,118.7,Fallon NAS,NV,-8
[HTH],38.55,118.63,Hawthorne,NV,-8
[L63],36.53,115.57,Ind Sprng Rn,NV,-8
[L76],36.57,115.67,Ind Sprng Rn,NV,-8
[LAS],36.08,115.17,Las Vegas,NV,-8
[LOL],40.1,118.92,Lovelock,NV,-8
[DRA],36.62,116.02,Mercury,NV,-8
[LSV],36.23,115.03,Nellis AFB,NV,-8
[OWY],42.58,116.17,Owyhee,NV,-8
[RNO],39.5,119.78,Reno,NV,-8
[TPH],38.07,117.08,Tonopah,NV,-8
[AWH],41.33,116.25,Wildhorse,NV,-8
[WMC],40.9,117.8,Winnemucca,NV,-8
[UCC],37.58,116.08,Yucca Flat,NV,-8
[BML],44.58,71.18,Berlin,NH,-5
[CON],43.2,71.5,Concord,NH,-5
[AFN],42.8,72,Jaffrey,NH,-5
[EEN],42.9,72.27,Keene,NH,-5
[LCI],43.57,71.43,Laconia,NH,-5
[LEB],43.63,72.3,Lebanon,NH,-5
[MHT],42.93,71.43,Manchester,NH,-5
[MWN],44.27,71.3,Mt Washingtn,NH,-5
[ASH],42.78,71.52,Nashua,NH,-5
[PSM],43.08,70.82,Pease AFB,NH,-5
[8B8],44,71.38,Wolfeboro,NH,-5
[ACY],39.45,74.57,Atlantic Cty,NJ,-5
[N78],40.28,74.28,Barnegat Ls,NJ,-5
[CDW],40.87,74.28,Fairfield,NJ,-5
[NEL],40.03,74.35,Lakehurst,NJ,-5
[WRI],40.02,74.6,Mcguire AFB,NJ,-5
[MIV],39.37,75.07,Millville,NJ,-5
[MMU],40.8,74.42,Morristown,NJ,-5
[EWR],40.7,74.17,Newark Intl,NJ,-5
[TEB],40.85,74.05,Teterboro,NJ,-5
[TTN],40.28,74.82,Trenton,NJ,-5
[ABQ],35.05,106.6,Albuquerque,NM,-7
[CVS],34.38,103.32,Cannon,NM,-7
[CNM],32.33,104.27,Carlsbad,NM,-7
[CAO],36.45,103.15,Clayton Arpt,NM,-7
[4CR],34.1,105.68,Corona,NM,-7
[4SL],36.02,106.95,Cuba Awrs,NM,-7
[DMN],32.25,107.7,Deming,NM,-7
[FMN],36.75,108.23,Farmington,NM,-7
[GUP],35.52,108.78,Gallup/Clark,NM,-7
[GNT],35.17,107.9,Grants,NM,-7
[HOB],32.68,103.2,Hobbs,NM,-7
[HMN],32.85,106.1,Holloman AFB,NM,-7
[LRU],32.3,106.77,Las Cruces,NM,-7
[LVS],35.65,105.15,Las Vegas,NM,-7
[LAM],35.88,106.28,Los Alamos,NM,-7
[4MY],34.98,106.05,Moriarity,NM,-7
[E28],32.9,106.4,Northrup Str,NM,-7
[RTN],36.74,104.5,Raton,NM,-7
[ROW],33.3,104.53,Roswell,NM,-7
[SAF],35.62,106.08,Santa Fe,NM,-7
[SVC],32.63,108.17,Silver City,NM,-7
[ONM],34.07,106.9,Socorro,NM,-7
[E23],36.42,105.57,Taos,NM,-7
[TCS],33.23,107.27,Truth Or Con,NM,-7
[TCC],35.18,103.6,Tucumcari,NM,-7
[2C2],32.63,106.4,White Sands,NM,-7
[ALB],42.75,73.8,Albany,NY,-5
[N28],40.75,74.37,Ambrose,NY,-5
[BGM],42.22,75.98,Binghamton,NY,-5
[BUF],42.93,78.73,Buffalo,NY,-5
[DSV],42.97,78.2,Dansville,NY,-5
[ELM],42.17,76.9,Elmira,NY,-5
[FRG],40.73,73.43,Farmingdale,NY,-5
[GTB],44.05,75.73,Fort Drum,NY,-5
[GFL],43.35,73.62,Glens Falls,NY,-5
[RME],43.23,75.4,Griffiss AFB,NY,-5
[ISP],40.78,73.1,Islip,NY,-5
[ITH],42.48,76.47,Ithaca,NY,-5
[JHW],42.15,79.25,Jamestown,NY,-5
[MSS],44.93,74.85,Massena,NY,-5
[MSV],41.7,74.8,Monticello,NY,-5
[NYC],40.77,73.98,New York,NY,-5
[JFK],40.65,73.78,New York/JFK,NY,-5
[LGA],40.77,73.9,New York/LGA,NY,-5
[SWF],41.5,74.1,Newburgh,NY,-5
[IAG],43.1,78.95,Niagara Fall,NY,-5
[OGS],44.68,75.4,Ogdensburg,NY,-5
[N66],42.87,75.12,Oneonta,NY,-5
[PBG],44.65,73.47,Plattsburgh,NY,-5
[POU],41.63,73.88,Poughkeepsie,NY,-5
[ROC],43.12,77.67,Rochester,NY,-5
[ROC],43.12,77.67,Rochester,NY,-5
[SLK],44.38,74.2,Saranac Lk,NY,-5
[SCH],42.85,73.93,Schenectady,NY,-5
[SYR],43.12,76.12,Syracuse,NY,-5
[UCA],43.15,75.38,Utica,NY,-5
[ART],44,76.02,Watertown,NY,-5
[FOK],40.85,72.63,Westhampton,NY,-5
[HPN],41.07,73.72,White Plains,NY,-5
[AVL],35.43,82.55,Asheville,NC,-5
[HAT],35.27,75.55,Cape Hattera,NC,-5
[CLT],35.22,80.93,Charlotte,NC,-5
[NKT],34.9,76.88,Cherry Point,NC,-5
[2DP],36.13,76.5,Dare Co Gr,NC,-5
[44W],35.25,75.5,Diamond Sho,NC,-5
[ECG],36.27,76.18,Elizabeth,NC,-5
[FAY],35,78.88,Fayetteville,NC,-5
[FBG],35.13,78.93,Fort Bragg,NC,-5
[GSO],36.08,79.95,Greensboro,NC,-5
[HKY],35.75,81.38,Hickory,NC,-5
[HSS],35.9,82.82,Hot Springs,NC,-5
[OAJ],34.82,77.62,Jacksonville,NC,-5
[ISO],35.32,77.63,Kinston,NC,-5
[HFF],35.03,79.5,Mackall Aaf,NC,-5
[MQI],35.92,75.68,Manteo Arpt,NC,-5
[EWN],35.08,77.05,New Bern,NC,-5
[NCA],34.7,77.43,New River,NC,-5
[POB],35.17,79.02,Pope AFB,NC,-5
[RDU],35.87,78.78,Raleigh-Durh,NC,-5
[RWI],35.85,77.88,Rocky Mt,NC,-5
[GSB],35.33,77.97,Seymour-John,NC,-5
[SOP],35.24,79.39,Southern Pin,NC,-5
[ILM],34.27,77.92,Wilmington,NC,-5
[INT],36.13,80.23,Winston-Salem,NC,-5
[BIS],46.77,100.75,Bismarck,ND,-6
[DVL],48.12,98.9,Devil's Lake,ND,-6
[P11],48.1,98.87,Devil's Lake,ND,-6
[DIK],46.78,102.8,Dickenson,ND,-6
[FAR],46.9,96.8,Fargo,ND,-6
[GFK],47.95,97.18,Grand Forks,ND,-6
[RDR],47.97,97.4,Grand Forks,ND,-6
[JMS],46.92,98.68,Jamestown,ND,-6
[P67],46.1,97.15,Lidgerwood,ND,-6
[MIB],48.42,101.35,Minot AFB,ND,-6
[MOT],48.27,101.28,Minot Intl,ND,-6
[P24],47.75,101.83,Roseglen,ND,-6
[ISN],48.18,103.63,Williston,ND,-6
[UNI],39.21,82.23,Athens/Albany,OH,-5
[CAK],40.92,81.43,Canton,OH,-5
[CVG],39.05,84.67,Cincinnati,OH,-5
[LUK],39.1,84.43,Cincinnati,OH,-5
[BKL],41.52,81.68,Cleveland,OH,-5
[CGF],41.57,81.48,Cleveland,OH,-5
[CLE],41.42,81.87,Cleveland,OH,-5
[CMH],40,82.88,Columbus,OH,-5
[OSU],40.08,83.07,Columbus Osu,OH,-5
[DAY],39.9,84.2,Dayton,OH,-5
[FDY],41.02,83.67,Findlay,OH,-5
[MFD],40.82,82.52,Mansfield,OH,-5
[LCK],39.82,82.93,Rickenbacker,OH,-5
[TOL],41.6,83.8,Toledo,OH,-5
[LNN],41.63,81.4,Willoughby,OH,-5
[FFO],39.83,84.05,Wright-Pat AFB,OH,-5
[YNG],41.27,80.67,Youngstown,OH,-5
[ZZV],39.95,81.9,Zanesville,OH,-5
[LTS],34.67,99.27,Altus AFB,OK,-6
[ADM],34.3,97.02,Ardmore,OK,-6
[BVO],36.75,96,Bartlesville,OK,-6
[CSM],35.35,99.2,Clinton,OK,-6
[WDG],36.38,97.8,Enid,OK,-6
[FSI],34.65,98.4,Fort Sill,OK,-6
[GAG],36.3,99.77,Gage,OK,-6
[HBR],35,99.05,Hobart,OK,-6
[LAW],34.57,98.42,Lawton,OK,-6
[MLC],34.88,95.78,Mcalester,OK,-6
[OUN],35.23,97.47,Norman,OK,-6
[OKC],35.4,97.6,Oklahoma Cty,OK,-6
[PWA],35.53,97.65,Oklahoma Cty,OK,-6
[PGO],34.68,94.62,Page,OK,-6
[PNC],36.73,97.1,Ponca City,OK,-6
[SWO],36.16,97.09,Stillwater,OK,-6
[TIK],35.42,97.38,Tinker AFB,OK,-6
[TUL],36.2,95.9,Tulsa,OK,-6
[END],36.33,97.92,Vance AFB,OK,-6
[AST],46.15,123.88,Astoria,OR,-8
[3S2],45.25,122.75,Aurora,OR,-8
[BKE],44.83,117.82,Baker,OR,-8
[4BK],42.08,124.47,Brookings,OR,-8
[BNO],43.6,118.95,Burns Arpt,OR,-8
[92S],43.38,124.95,Cape Blanco,OR,-8
[CZK],45.68,121.88,Cascade,OR,-8
[CVO],44.5,123.28,Corvallis,OR,-8
[EUG],44.12,123.22,Eugene,OR,-8
[HIO],45.53,122.95,Hillsboro,OR,-8
[LMT],42.15,121.73,Klamath Fall,OR,-8
[LGD],45.28,118,La Grande,OR,-8
[4LW],42.18,120.35,Lake View,OR,-8
[MEH],45.5,118.4,Meacham,OR,-8
[MFR],42.37,122.87,Medford,OR,-8
[ONP],44.63,124.05,Newport,OR,-8
[OTH],43.42,124.25,North Bend,OR,-8
[ONO],44.02,117.02,Ontario,OR,-8
[PDT],45.68,118.85,Pendleton,OR,-8
[PDX],45.6,122.6,Portland,OR,-8
[RDM],44.27,121.15,Redmond,OR,-8
[RBG],43.23,123.37,Roseburg,OR,-8
[SLE],44.92,123,Salem,OR,-8
[SXT],42.62,123.37,Sexton,OR,-8
[DLS],45.62,121.15,The Dalles,OR,-8
[TTD],45.55,122.4,Troutdale,OR,-8
[ABE],40.65,75.43,Allentown,PA,-5
[AOO],40.3,78.32,Altoona,PA,-5
[BVI],40.75,80.33,Beaver Falls,PA,-5
[BSI],40.27,79.09,Blairsville,PA,-5
[BFD],41.8,78.63,Bradford,PA,-5
[DUJ],41.18,78.9,Dubois,PA,-5
[ERI],42.08,80.18,Erie,PA,-5
[FKL],41.38,79.87,Franklin,PA,-5
[CXY],40.22,76.85,Harrisburg,PA,-5
[HAR],40.37,77.42,Harrisburg,PA,-5
[JST],40.32,78.83,Johnstown,PA,-5
[LNS],40.13,76.3,Lancaster,PA,-5
[LBE],40.28,79.4,Latrobe,PA,-5
[MDT],40.2,76.77,Middletown,PA,-5
[MUI],40.43,76.57,Muir,PA,-5
[PNE],40.08,75.02,Nth Philadel,PA,-5
[PHL],39.88,75.25,Philadelphia,PA,-5
[PSB],41.47,78.13,Philipsburg,PA,-5
[AGC],40.35,79.93,Pittsburgh,PA,-5
[PIT],40.5,80.22,Pittsburgh,PA,-5
[RDG],40.38,75.97,Reading,PA,-5
[43M],39.73,77.43,Site R,PA,-5
[UNV],40.85,77.83,State Colleg,PA,-5
[AVP],41.33,75.73,Wilkes-Barre,PA,-5
[IPT],41.25,76.92,Williamsport,PA,-5
[NXX],40.2,75.15,Willow Grove,PA,-5
[BID],41.17,71.58,Block Island,RI,-5
[OQU],41.6,71.42,Nth Kingston,RI,-5
[PVD],41.73,71.43,Providence,RI,-5
[NCO],41.36,71.25,Quonset Pt NAS,RI,-5
[AND],34.5,82.72,Anderson,SC,-5
[NBC],32.48,80.72,Beaufort Mca,SC,-5
[CHS],32.9,80.03,Charleston,SC,-5
[CAE],33.95,81.12,Columbia,SC,-5
[FLO],34.18,79.72,Florence,SC,-5
[GMU],34.85,82.35,Greenville,SC,-5
[GSP],34.9,82.22,Greenville,SC,-5
[MMT],33.92,80.8,Mcentire,SC,-5
[MYR],33.68,78.93,Myrtle Beach,SC,-5
[CRE],33.82,78.72,Nth Myrtle B,SC,-5
[SSC],33.97,80.47,Shaw AFB,SC,-5
[SPA],34.92,81.96,Spartanburg,SC,-5
[ABR],45.45,98.43,Aberdeen,SD,-5
[BKX],44.3,96.8,Brookings,SD,-5
[9V9],43.8,99.32,Chamberlain,SD,-6
[CHB],43.75,99.32,Chamberlain,SD,-6
[0V1],43.77,103.6,Custer,SD,-6
[RCA],44.15,103.1,Ellsworth Af,SD,-6
[HON],44.38,98.22,Huron,SD,-6
[Y22],45.93,102.17,Lemmon,SD,-6
[MHE],43.77,98.03,Mitchell,SD,-6
[Y26],45.53,100.43,Mobridge,SD,-6
[P05],44.05,101.6,Philip,SD,-6
[PHP],44.05,101.6,Philip,SD,-6
[PIR],44.38,100.28,Pierre,SD,-6
[RAP],44.05,103.07,Rapid City,SD,-6
[REJ],45.16,103.32,Redig,SD,-6
[FSD],43.58,96.73,Sioux Falls,SD,-6
[ATY],44.92,97.15,Watertown,SD,-6
[YKN],42.92,97.38,Yankton,SD,-6
[TRI],36.48,82.4,Bristol,TN,-6
[CHA],35.03,85.2,Chattanooga,TN,-6
[CKV],36.62,87.42,Clarksville,TN,-6
[CSV],35.95,85.08,Crossville,TN,-6
[DYR],36.02,89.4,Dyersburg,TN,-6
[MKL],35.6,88.92,Jackson,TN,-6
[TYS],35.82,83.98,Knoxville,TN,-6
[MEM],35.05,90,Memphis Intl,TN,-6
[NQA],35.35,89.87,Memphis NAS,TN,-6
[MGL],35.15,85.51,Monteagle,TN,-6
[BNA],36.12,86.68,Nashville,TN,-6
[MQY],36,86.5,Smyrna,TN,-6
[ABI],32.42,99.68,Abilene,TX,-6
[ALI],27.73,98.03,Alice,TX,-6
[AMA],35.23,101.7,Amarillo,TX,-6
[AUS],30.3,97.7,Austin,TX,-6
[BSM],30.2,97.68,Bergstrom Af,TX,-6
[BGS],32.39,101.48,Big Sky,TX,-6
[HCA],32.3,101.45,Big Spring,TX,-6
[BRO],25.9,97.43,Brownsville,TX,-6
[BWD],31.79,98.96,Brownwood,TX,-6
[FWH],32.78,97.43,Carswell AFB,TX,-6
[NIR],28.37,97.67,Chase NAS,TX,-6
[CDS],34.43,100.28,Childress,TX,-6
[CLL],30.58,96.37,College Stn,TX,-6
[CRP],27.77,97.5,Corpus Chrst,TX,-6
[NGP],27.7,97.28,Corpus Chrst,TX,-6
[COT],28.45,99.22,Cotulla,TX,-6
[DWH],30.07,95.55,D.w. Hooks,TX,-6
[DHT],36.02,102.55,Dalhart,TX,-6
[NBE],32.73,96.97,Dallas NAS,TX,-6
[ADS],32.97,96.83,Dallas/Addis,TX,-6
[DFW],32.9,97.03,Dallas/FW,TX,-6
[DAL],32.85,96.85,Dallas/Love,TX,-6
[RBD],32.68,96.87,Dallas/Redbr,TX,-6
[DRT],29.37,100.92,Del Rio,TX,-6
[DYS],32.43,99.85,Dyess AFB,TX,-6
[ELP],31.8,106.4,El Paso,TX,-7
[EFD],29.62,95.17,Ellington Af,TX,-6
[FTW],32.82,97.35,Fort Worth,TX,-6
[HLR],31.15,97.72,Ft Hood Aaf,TX,-6
[GLS],29.27,94.87,Galveston,TX,-6
[GRK],31.07,97.83,Gray AFB,TX,-6
[GVT],33.07,96.07,Greenville,TX,-6
[GDP],31.83,104.8,Guadalupe Ps,TX,-6
[HRL],26.23,97.67,Harlingen,TX,-6
[HDO],29.35,99.17,Hondo,TX,-6
[IAH],29.97,95.35,Houston,TX,-6
[HOU],29.65,95.28,Houston/Hobby,TX,-6
[JCT],30.5,99.77,Junction,TX,-6
[SKF],29.38,98.58,Kelly AFB,TX,-6
[ERV],29.98,99.08,Kerrville,TX,-6
[ILE],31.08,97.68,Killeen,TX,-6
[NQI],27.5,97.82,Kingsville,TX,-6
[LRD],27.53,99.47,Laredo Intl,TX,-6
[DLF],29.37,100.78,Laughlin AFB,TX,-6
[GGG],32.38,94.72,Longview,TX,-6
[LBB],33.65,101.82,Lubbock,TX,-6
[LFK],31.23,94.75,Lufkin,TX,-6
[MRF],30.37,104.02,Marfa,TX,-6
[MFE],26.18,98.23,Mcallen,TX,-6
[MAF],31.95,102.18,Midland,TX,-6
[MWL],32.78,98.07,Mineral Wlls,TX,-6
[PSX],28.72,96.25,Palacios,TX,-6
[PRX],33.63,95.45,Paris/Cox,TX,-6
[PVW],34.17,101.71,Plainview,TX,-6
[BPT],30.58,94.02,Port Arthur,TX,-6
[RND],29.53,98.28,Randolph AFB,TX,-6
[REE],33.6,102.05,Reese AFB,TX,-6
[RKP],28.08,97.03,Rockport,TX,-6
[SJT],31.37,100.5,San Angelo,TX,-6
[SAT],29.53,98.47,San Antonio,TX,-6
[SSF],29.33,98.47,San Antonio,TX,-6
[P07],30.17,102.42,Sanderson,TX,-6
[F39],33.72,96.67,Sherman-Deni,TX,-6
[T46],28.03,95.87,South Brazos,TX,-6
[SEP],32.22,98.18,Stephenville,TX,-6
[TPL],31.15,97.42,Temple,TX,-6
[TYR],32.37,95.4,Tyler/Pounds,TX,-6
[VCT],28.85,96.92,Victoria,TX,-6
[ACT],31.62,97.22,Waco-Madison,TX,-6
[SPS],33.98,98.5,Wichita Flls,TX,-6
[INK],31.78,103.2,Wink,TX,-6
[4BL],38.03,109.78,Blanding,UT,-7
[U17],37.5,110.7,Bullfrog Mar,UT,-7
[CDC],37.7,113.1,Cedar City,UT,-7
[U24],39.33,112.58,Delta,UT,-7
[DPG],40.2,112.93,Dugway Prvgr,UT,-7
[U16],41.05,113.07,Eagle Range,UT,-7
[U28],39,110.15,Green River,UT,-7
[4HV],38.37,110.72,Hanksville,UT,-7
[HIF],41.12,111.97,Hill AFB,UT,-7
[LGU],41.78,111.85,Logan,UT,-7
[MLF],38.72,113.03,Milford,UT,-7
[CNY],38.77,109.75,Moab,UT,-7
[OGD],41.18,112.02,Ogden,UT,-7
[PUC],39.62,110.75,Price/Carbon,UT,-7
[PVU],40.22,111.72,Provo,UT,-7
[U67],40.5,110.63,Roosevelt,UT,-7
[SGU],37.08,113.6,Saint George,UT,-7
[SLC],40.78,111.97,Salt Lake Ct,UT,-7
[T62],40.17,112.2,Tooele,UT,-7
[VEL],40.45,109.52,Vernal,UT,-7
[ENV],41.22,114.05,Wendover,UT,-7
[BTV],44.47,73.15,Burlington,VT,-5
[MPV],44.2,72.57,Montpelier,VT,-5
[EFK],45.55,72.33,Newport,VT,-5
[RUT],43.53,73.95,Rutland,VT,-5
[9B2],44.42,72.02,St Johnsbury,VT,-5
[MNW],42.88,72.88,Wilmington,VT,-5
[CHO],38.13,78.45,Charlottesvi,VA,-5
[W39],37.5,76.2,Chesapeake,VA,-5
[DAN],36.57,79.33,Danville,VA,-5
[DAA],38.72,77.18,Fort Belvoir,VA,-5
[FAF],37.13,76.62,Fort Eustis,VA,-5
[HSP],37.95,79.82,Hot Springs,VA,-5
[LFI],37.08,76.37,Langley AFB,VA,-5
[LYH],37.33,79.2,Lynchburg,VA,-5
[PHF],37.13,76.5,Newport News,VA,-5
[NGU],36.93,76.28,Norfolk NAS,VA,-5
[ORF],36.9,76.2,Norfolk Rgnl,VA,-5
[NTU],36.82,76.03,Oceana NAS,VA,-5
[NYG],38.5,77.3,Quantico Mca,VA,-5
[RIC],37.5,77.33,Richmond,VA,-5
[ROA],37.32,79.97,Roanoke Muni,VA,-5
[SHD],38.27,78.85,Staunton,VA,-5
[VQN],36.95,78.98,Volens,VA,-5
[WAL],37.85,75.48,Wallops Sta,VA,-5
[BLI],48.8,122.53,Bellingham,WA,-8
[PWT],47.48,122.77,Bremerton,WA,-8
[75S],48.5,122.33,Burlington,WA,-8
[63S],48.88,118.47,Colville,WA,-8
[EPH],47.32,119.52,Ephrata,WA,-8
[PAE],47.92,122.28,Everet/Paine,WA,-8
[SKA],47.62,117.65,Fairchild,WA,-8
[GRF],47.08,122.58,Fort Lewis,WA,-8
[HMS],46.57,119.6,Hanford,WA,-8
[HQM],46.97,123.97,Hoquiam,WA,-8
[TCM],47.15,122.48,Mcchord AFB,WA,-8
[MWH],47.2,119.32,Moses Lake,WA,-8
[76S],48.25,122.68,Oak Harbor,WA,-8
[OLM],46.97,122.9,Olympia,WA,-8
[4OM],48.42,119.53,Omak,WA,-8
[PSC],46.27,119.12,Pasco,WA,-8
[CLM],48.12,123.5,Port Angeles,WA,-8
[NOW],48.22,123.67,Port Angeles,WA,-8
[PUW],46.75,117.12,Pullman,WA,-8
[UIL],47.95,124.55,Quillayute,WA,-8
[RNT],47.5,122.22,Renton,WA,-8
[SEA],47.45,122.3,Seattle,WA,-8
[BFI],47.53,122.3,Seattle/Boeing,WA,-8
[SHN],47.25,123.15,Shelton,WA,-8
[GEG],47.63,117.53,Spokane,WA,-8
[SFF],47.67,117.33,Spokane,WA,-8
[SMP],47.28,121.33,Stampede Pas,WA,-8
[TIW],47.27,122.58,Tacoma,WA,-8
[TDO],46.48,122.8,Toledo,WA,-8
[ALW],46.1,118.28,Walla Walla,WA,-8
[EAT],47.4,120.2,Wenatchee,WA,-8
[NUW],48.35,122.65,Whidbey Is,WA,-8
[YKM],46.57,120.53,Yakima,WA,-8
[BKW],37.78,81.12,Beckley,WV,-5
[BLF],37.3,81.22,Bluefield,WV,-5
[CRW],38.37,81.6,Charleston,WV,-5
[CKB],39.28,80.23,Clarksburg,WV,-5
[EKN],38.88,79.85,Elkins,WV,-5
[HTS],38.37,82.55,Huntington,WV,-5
[LWB],37.87,80.4,Lewisburg,WV,-5
[MRB],39.4,77.98,Martinsburg,WV,-5
[MGW],39.65,79.92,Morgantown,WV,-5
[PKB],39.35,81.43,Parkersburg,WV,-5
[HLG],40.18,80.65,Wheeling,WV,-5
[SSU],37.46,80.2,White Sulph,WV,-5
[ATW],44.25,88.52,Appleton,WI,-6
[EAU],44.87,91.48,Eau Claire,WI,-6
[GRB],44.48,88.13,Green Bay,WI,-6
[JVL],42.62,89.03,Janesville,WI,-6
[LSE],43.87,91.25,La Crosse,WI,-6
[LNR],43.2,90.18,Lone Rock,WI,-6
[MSN],43.13,89.33,Madison,WI,-6
[MTW],44.13,87.67,Manitowac,WI,-6
[MKE],42.95,87.9,Milwaukee,WI,-6
[MWC],43.12,88.05,Milwaukee,WI,-6
[CWA],44.78,89.67,Mosinee,WI,-6
[EEW],44.22,88.53,Neenah,WI,-6
[OSH],44,88.57,Oshkosh,WI,-6
[RHI],45.63,89.45,Rhinelander,WI,-6
[RIE],45.48,91.72,Rice Lake,WI,-6
[VOK],43.93,90.27,Volk Fld,WI,-6
[AUW],44.92,89.62,Wausau,WI,-6
[BPI],42.57,110.1,Big Piney,WY,-7
[CPR],42.92,106.47,Casper,WY,-7
[CYS],41.15,104.82,Cheyenne,WY,-7
[COD],44.52,109.02,Cody,WY,-7
[4DG],42.75,105.38,Douglas,WY,-7
[EVW],41.33,111,Evanston,WY,-7
[GCC],44.35,105.53,Gillette,WY,-7
[JAC],43.6,110.73,Jackson,WY,-7
[LND],42.82,108.73,Lander,WY,-7
[LAR],41.32,105.68,Laramie,WY,-7
[4MC],44.35,104.81,Moorcroft,WY,-7
[RWL],41.8,107.2,Rawlins,WY,-7
[RIW],43.05,108.45,Riverton,WY,-7
[RKS],41.6,109.07,Rock Springs,WY,-7
[SHR],44.77,106.97,Sheridan,WY,-7
[WRL],43.97,107.97,Worland,WY,-7
[P60],44.55,110.42,Yellowstone,WY,-7
